type,phone,F1_25,F1_75,F2_25,F2_75,F3_25,F3_75,B1_25,B1_75,B2_25,B2_75,B3_25,B3_75
means,a,859,850,1356.63636363636,1367,2580.09090909091,2656.63636363636,291.272727272727,307.272727272727,129.909090909091,136.727272727273,329,220.090909090909
means,ɐ,595.033333333333,595.241666666667,1327.33333333333,1287.58333333333,2503.24166666667,2504.5,286.483333333333,282.458333333333,176.8,110.766666666667,263.225,183.975
means,ɑ,685.931034482759,722.620689655172,1215.8275862069,1176.62068965517,2567,2578.68965517241,347.931034482759,432.034482758621,218.758620689655,318.034482758621,274.137931034483,339.137931034483
means,ɒ,576.508982035928,596.580838323353,1115.01796407186,1070.40119760479,2539.62275449102,2549.49101796407,312.898203592814,301.179640718563,342.838323353293,269,277.191616766467,284.02994011976
means,ɑː,807.392156862745,799.941176470588,1234.35294117647,1150.96078431373,2521.11764705882,2551.1568627451,315.411764705882,311.56862745098,249.21568627451,236.137254901961,307.352941176471,369.725490196078
means,ɒː,521.425531914894,475.425531914894,1172.46808510638,982.68085106383,2597.8085106383,2628.3829787234,270.702127659574,157.191489361702,298.31914893617,330.297872340426,310.829787234043,312.574468085106
means,æ,753.808695652174,790.317391304348,1506.48260869565,1490.82608695652,2560.27391304348,2572.73913043478,282.926086956522,252.404347826087,158.008695652174,150.773913043478,330.747826086957,321.086956521739
means,aj,773.212121212121,688.290043290043,1273.12554112554,1666.34199134199,2500.77489177489,2525.82683982684,321.177489177489,346.52380952381,234.5670995671,176.948051948052,317.203463203463,308.961038961039
means,aw,819.147540983607,835.049180327869,1464.3606557377,1234.03278688525,2541.50819672131,2614.13114754098,238.672131147541,242.16393442623,117.344262295082,303.672131147541,243.147540983607,325.196721311475
means,ɔj,530.5,502.875,1094.25,1295.75,2415.875,2321.125,355.75,329.75,314.625,131.25,284,258.125
means,ə,537.111987381703,478.211356466877,1563.28075709779,1499.97634069401,2557.77760252366,2503.50788643533,263.039432176656,212.116719242902,203.681388012618,213.178233438486,305.061514195584,280.572555205047
means,ɚ,480.055555555556,497.5,1263.72222222222,1276.77777777778,2133.11111111111,2078.5,164.666666666667,169.722222222222,205.277777777778,116.666666666667,199.388888888889,233.944444444444
means,ej,564.333333333333,442.843137254902,1781.38235294118,2004.86274509804,2497.58823529412,2527.27450980392,189.617647058824,172.137254901961,138.764705882353,301,245.813725490196,388.794117647059
means,əw,557.625,462.75,1454.4375,1436.33333333333,2444.29166666667,2298.20833333333,236.625,169.083333333333,134.770833333333,180.291666666667,224,194.208333333333
means,ɛ,612.690582959641,633.506726457399,1615.33632286996,1644.0269058296,2535.14349775785,2552.73542600897,268.582959641256,263.322869955157,132.515695067265,135.941704035874,263.2466367713,237.42600896861
means,ɛː,554,592,1583.3125,1648.0625,2494.625,2545.3125,118.6875,137.6875,81.5625,100.25,223,249.6875
means,ɜː,601.365384615385,620.038461538462,1319.90384615385,1372.36538461538,2518.42307692308,2520.01923076923,197.307692307692,209.980769230769,101.519230769231,97.3076923076923,185.192307692308,196.711538461538
means,i,374.233333333333,359.693333333333,2074.28,2115.17333333333,2534.79333333333,2591.71333333333,130.6,107.966666666667,204.9,221.466666666667,306.62,331.546666666667
means,ɪ,499.142581888247,441.947976878613,1799.39691714836,1849.76300578035,2551.12138728324,2533.47206165703,248.971098265896,190.924855491329,224.121387283237,201.40655105973,314.876685934489,271.6204238921
means,iː,351.035294117647,328.029411764706,2193.08823529412,2257.47058823529,2656.18823529412,2697.2,134.5,101.8,259.464705882353,217.658823529412,325.182352941176,435
means,ow,554.770491803279,492.327868852459,1360.3606557377,1285.54098360656,2381.29508196721,2387.26229508197,260.311475409836,215.131147540984,145.704918032787,175.44262295082,189.639344262295,197.360655737705
means,ʉ,332.962962962963,365,1878.33333333333,1391.07407407407,2299.66666666667,2351.40740740741,132.074074074074,162.148148148148,231.259259259259,238.444444444444,195.259259259259,171.962962962963
means,ʊ,405.795454545455,422.340909090909,1552.27272727273,1481.34090909091,2429.77272727273,2377.45454545455,221.181818181818,189.227272727273,188.954545454545,178.590909090909,321.818181818182,218.590909090909
means,ʉː,371.016949152542,351.983050847458,1848.79661016949,1683.76271186441,2391.64406779661,2351.98305084746,131.406779661017,126.728813559322,171.813559322034,286.186440677966,261.491525423729,214.28813559322
matrix,ə,65986.2259856175,16186.0252664942,41612.6841488879,11982.8588938558,43772.9443763362,12663.0393997837,20999.3541869123,12221.1369872571,22580.8193071897,7658.58980320042,19302.7434952482,7993.11903409232
matrix,ə,16186.0252664942,23653.560313165,3706.34341002985,7117.85334967931,9078.97282979752,13960.9983305176,474.250736316474,8260.35601835932,3661.30125435436,5238.62261724999,4736.02015339304,414.904072041902
matrix,ə,41612.6841488879,3706.34341002985,100704.243325808,57674.9829563293,52040.8145130344,20204.7987301967,13946.9209811573,5251.91188621606,26350.9094991055,15430.3780007077,28363.3397321851,9678.29397341785
matrix,ə,11982.8588938558,7117.85334967931,57674.9829563293,70175.7071802692,19719.8525498228,22490.5349420166,6809.83189807686,-2053.00197347766,7483.75706290709,10042.6424541889,13312.5638589462,14022.6233622876
matrix,ə,43772.9443763362,9078.97282979752,52040.8145130344,19719.8525498228,77391.4654691245,34731.1731626973,20294.7465401847,8798.20609385979,22318.8437215004,13377.1439666901,17178.1795789914,10153.6630810172
matrix,ə,12663.0393997837,13960.9983305176,20204.7987301967,22490.5349420166,34731.1731626973,52004.5410119555,4730.46809295279,2263.85215861577,6158.15101589248,6047.73555897758,6474.66539088313,4130.62659909001
matrix,ə,20999.3541869123,474.250736316474,13946.9209811573,6809.83189807686,20294.7465401847,4730.46809295279,74742.7741140531,15180.3950742795,17885.571825118,9930.41002237605,17768.9296400397,5763.27754521307
matrix,ə,12221.1369872571,8260.35601835932,5251.91188621606,-2053.00197347766,8798.20609385979,2263.85215861577,15180.3950742795,31405.1743487773,11479.7513069306,8830.12292373705,7813.81113420146,4272.9709809081
matrix,ə,22580.8193071897,3661.30125435436,26350.9094991055,7483.75706290709,22318.8437215004,6158.15101589248,17885.571825118,11479.7513069306,48192.6755772173,28584.3143809709,26820.6073078476,13370.2964552155
matrix,ə,7658.58980320042,5238.62261724999,15430.3780007077,10042.6424541889,13377.1439666901,6047.73555897758,9930.41002237605,8830.12292373705,28584.3143809709,88742.2509630671,15065.1770124738,20998.9467634468
matrix,ə,19302.7434952482,4736.02015339304,28363.3397321851,13312.5638589462,17178.1795789914,6474.66539088313,17768.9296400397,7813.81113420146,26820.6073078476,15065.1770124738,110171.656557577,28117.234866267
matrix,ə,7993.11903409232,414.904072041902,9678.29397341785,14022.6233622876,10153.6630810172,4130.62659909001,5763.27754521307,4272.9709809081,13370.2964552155,20998.9467634468,28117.234866267,96848.0049959883
matrix,əw,12950.1542553191,3934.98936170213,6265.21010638298,-1821.42553191489,13794.5372340426,2989.14361702128,9199.72872340426,1932.28723404255,3707.29521276596,-2007.48404255319,4274.59574468085,-1064.23936170213
matrix,əw,3934.98936170213,4862.70212765957,-2625.46276595745,-2931.89361702128,3757.43617021277,4691.32978723404,4920.90425531915,1772.93617021277,629.579787234043,849.81914893617,886.021276595745,665.351063829787
matrix,əw,6265.21010638298,-2625.46276595745,47731.272606383,25730.914893617,10923.3590425532,-8633.79521276596,-3902.23670212766,-68.5691489361702,4311.25132978723,-5661.23670212766,1958.14893617021,-2239.36968085106
matrix,əw,-1821.42553191489,-2931.89361702128,25730.914893617,49504.695035461,2155.68794326241,-7624.11347517731,-1575.93617021277,185.950354609929,-2348.85815602837,-1821.60992907801,-6012.14893617021,-2665.87943262411
matrix,əw,13794.5372340426,3757.43617021277,10923.3590425532,2155.68794326241,31511.1046099291,8165.85283687943,8567.53723404255,2463.82624113475,4878.17464539007,-5820.55496453901,5863.17021276596,1235.1719858156
matrix,əw,2989.14361702128,4691.32978723404,-8633.79521276596,-7624.11347517731,8165.85283687943,20379.5726950355,3560.10106382979,1452.21631205674,-537.632092198582,-1362.65780141844,1437.31914893617,6577.53014184397
matrix,əw,9199.72872340426,4920.90425531915,-3902.23670212766,-1575.93617021277,8567.53723404255,3560.10106382979,28577.4734042553,5314.07446808511,3106.95478723404,937.11170212766,-2930.36170212766,1893.50531914894
matrix,əw,1932.28723404255,1772.93617021277,-68.5691489361702,185.950354609929,2463.82624113475,1452.21631205674,5314.07446808511,14704.6737588652,617.189716312057,-1211.98226950355,-1637.34042553191,1261.7695035461
matrix,əw,3707.29521276596,629.579787234043,4311.25132978723,-2348.85815602837,4878.17464539007,-537.632092198582,3106.95478723404,617.189716312057,5659.66976950355,-1219.5274822695,3569.91489361702,-715.866134751773
matrix,əw,-2007.48404255319,849.81914893617,-5661.23670212766,-1821.60992907801,-5820.55496453901,-1362.65780141844,937.11170212766,-1211.98226950355,-1219.5274822695,14147.1046099291,-1606.29787234043,3752.64007092199
matrix,əw,4274.59574468085,886.021276595745,1958.14893617021,-6012.14893617021,5863.17021276596,1437.31914893617,-2930.36170212766,-1637.34042553191,3569.91489361702,-1606.29787234043,18842.8510638298,2202.91489361702
matrix,əw,-1064.23936170213,665.351063829787,-2239.36968085106,-2665.87943262411,1235.1719858156,6577.53014184397,1893.50531914894,1261.7695035461,-715.866134751773,3752.64007092199,2202.91489361702,13672.5514184397
matrix,æ,46537.7885703436,38109.8208088096,-1360.60159483577,-3127.67533700399,9890.96092652364,10338.543763053,10819.3395101576,8865.08642490982,4238.04097209037,7242.55481298652,7759.61093601671,16432.4970571483
matrix,æ,38109.8208088096,52719.9031896715,-5394.99227264097,-6230.25897095121,9002.77731156256,12085.415037023,894.255002847921,8169.6221947978,-1097.70582874502,6549.18560850579,11236.0672868806,10888.7539396241
matrix,æ,-1360.60159483577,-5394.99227264097,33248.2682551737,21881.7524207329,5376.23404214923,4098.72906778052,441.747617239415,-688.492937155876,5495.11805581925,3525.25805961648,9066.3842415037,7105.60850579077
matrix,æ,-3127.67533700399,-6230.25897095121,21881.7524207329,24044.4412378963,1232.90810708183,3617.14220618948,-2413.23125118663,-2527.40972090374,983.420732865009,2368.15701537877,6489.72451110689,7116.43876969812
matrix,æ,9890.96092652364,9002.77731156256,5376.23404214923,1232.90810708183,27485.8853426998,13219.2071387887,4187.66225555345,4073.25993924435,-684.810252515664,1709.83075754699,-9572.88258970951,6704.46952724511
matrix,æ,10338.543763053,12085.415037023,4098.72906778052,3617.14220618948,13219.2071387887,37806.9185494589,-1021.37307765331,5629.43782039111,-1708.04138978546,-17553.0592367572,14323.5452819442,-6277.54490222138
matrix,æ,10819.3395101576,894.255002847921,441.747617239415,-2413.23125118663,4187.66225555345,-1021.37307765331,57281.9901461933,14637.23089045,8915.11418264667,1488.66443895956,19804.7847731156,12336.5828745016
matrix,æ,8865.08642490982,8169.6221947978,-688.492937155876,-2527.40972090374,4073.25993924435,5629.43782039111,14637.23089045,22829.6392823239,252.26284412379,2575.7031706854,227.394987659009,5027.94721853047
matrix,æ,4238.04097209037,-1097.70582874502,5495.11805581925,983.420732865009,-684.810252515664,-1708.04138978546,8915.11418264667,252.26284412379,25023.1876969812,3714.50852477691,8459.35591418265,1210.71976457186
matrix,æ,7242.55481298652,6549.18560850579,3525.25805961648,2368.15701537877,1709.83075754699,-17553.0592367572,1488.66443895956,2575.7031706854,3714.50852477691,53996.3067400797,-1970.59438010253,23576.1245490792
matrix,æ,7759.61093601671,11236.0672868806,9066.3842415037,6489.72451110689,-9572.88258970951,14323.5452819442,19804.7847731156,227.394987659009,8459.35591418265,-1970.59438010253,242209.403379533,12120.5853426998
matrix,æ,16432.4970571483,10888.7539396241,7105.60850579077,7116.43876969812,6704.46952724511,-6277.54490222138,12336.5828745016,5027.94721853047,1210.71976457186,23576.1245490792,12120.5853426998,320737.057907727
matrix,ɛ,18620.7371631721,9693.34218074577,-1000.76033208096,2.56692118127096,4717.88694299681,4076.86371348927,6687.93344241102,4961.78954066174,1274.04767098938,1157.31521431746,3552.90098169919,13046.6233991839
matrix,ɛ,9693.34218074577,14274.9988284248,1523.02250232295,265.243061447097,2923.52605744758,5482.88692279724,1238.25281784026,5103.93475538319,-954.266997939644,-1620.24960610835,-650.323738536743,5380.49937381328
matrix,ɛ,-1000.76033208096,1523.02250232295,47902.5215125439,33615.2746939765,13805.4650345413,12887.5578515735,-5895.05730618511,-4302.41988849836,-1211.89043752272,-2352.29562073284,16235.1103704601,-9114.35112915606
matrix,ɛ,2.56692118127096,265.243061447097,33615.2746939765,37249.3596331758,6740.79792348402,12824.119763261,-428.114854765079,-1440.6033208096,-533.905829596413,-5071.22364965863,9745.49333414132,-10133.5160182604
matrix,ɛ,4717.88694299681,2923.52605744758,13805.4650345413,6740.79792348402,33742.456793116,19229.9840827374,882.753807619279,1248.42643315962,-3344.24550559528,-6000.77087625742,-5448.82834403911,2253.40255726579
matrix,ɛ,4076.86371348927,5482.88692279724,12887.5578515735,12824.119763261,19229.9840827374,28843.2945501555,1208.86664242718,128.036258231325,-2714.60618914879,-13553.6416191977,3571.30879085363,-5846.87777239123
matrix,ɛ,6687.93344241102,1238.25281784026,-5895.05730618511,-428.114854765079,882.753807619279,1208.86664242718,30185.4604290389,11920.2388599362,3433.41423261827,145.998101240254,-1197.65343594716,-2243.5062214681
matrix,ɛ,4961.78954066174,5103.93475538319,-4302.41988849836,-1440.6033208096,1248.42643315962,128.036258231325,11920.2388599362,27508.3277178524,894.098513311518,6090.73512301539,-1074.58899931321,2556.44742051469
matrix,ɛ,1274.04767098938,-954.266997939644,-1211.89043752272,-533.905829596413,-3344.24550559528,-2714.60618914879,3433.41423261827,894.098513311518,9867.34997778047,6798.4401082697,10263.4353007716,1983.30634670545
matrix,ɛ,1157.31521431746,-1620.24960610835,-2352.29562073284,-5071.22364965863,-6000.77087625742,-13553.6416191977,145.998101240254,6090.73512301539,6798.4401082697,36874.4965862724,9971.27119945057,5356.1871086333
matrix,ɛ,3552.90098169919,-650.323738536743,16235.1103704601,9745.49333414132,-5448.82834403911,3571.30879085363,-1197.65343594716,-1074.58899931321,10263.4353007716,9971.27119945057,141345.718175575,7860.5836464267
matrix,ɛ,13046.6233991839,5380.49937381328,-9114.35112915606,-10133.5160182604,2253.40255726579,-5846.87777239123,-2243.5062214681,2556.44742051469,1983.30634670545,5356.1871086333,7860.5836464267,90739.7140952612
matrix,ɪ,49853.0607122399,10733.5325283996,18539.1807492877,2665.40065168389,28816.2625817395,9005.96345065131,26879.7164840315,11264.9412368603,17366.9633539402,3385.86470119996,36225.1102803877,5747.50596261001
matrix,ɪ,10733.5325283996,18519.0146628875,-1707.94842323744,3764.3525118843,2894.34030397036,6806.53425804004,3878.86335840382,6281.12735733256,2686.41559354565,5102.37447273863,7548.42793536724,5057.41457807932
matrix,ɪ,18539.1807492877,-1707.94842323744,83072.9579827557,55733.0421251144,46330.667942509,24684.9628480669,4619.05975628808,1647.75189144553,5091.89767223871,1195.99469204961,31877.1822445898,746.718518683837
matrix,ɪ,2665.40065168389,3764.3525118843,55733.0421251144,77954.9958488629,23164.3628004553,25584.3012810498,-1506.67481643493,-1116.35954203584,9351.45739504988,1149.77028142924,9324.63674202692,6629.19365277747
matrix,ɪ,28816.2625817395,2894.34030397036,46330.667942509,23164.3628004553,78952.1995223961,41133.9734751267,21863.1830517553,10305.0496797375,6739.21303590957,795.101133751423,36283.4802486219,5414.0287901444
matrix,ɪ,9005.96345065131,6806.53425804004,24684.9628480669,25584.3012810498,41133.9734751267,47804.0913994093,11153.4287276542,12014.8173946035,4218.86729752048,-6720.69807916918,16841.0602547221,3127.45559101628
matrix,ɪ,26879.7164840315,3878.86335840382,4619.05975628808,-1506.67481643493,21863.1830517553,11153.4287276542,72240.6497422278,16362.1696386725,21178.8085343808,3170.23957194188,23811.9809851139,3214.96391188877
matrix,ɪ,11264.9412368603,6281.12735733256,1647.75189144553,-1116.35954203584,10305.0496797375,12014.8173946035,16362.1696386725,35807.4325663401,4471.5535407414,6078.25647778249,6967.4289396746,4443.26099716562
matrix,ɪ,17366.9633539402,2686.41559354565,5091.89767223871,9351.45739504988,6739.21303590957,4218.86729752048,21178.8085343808,4471.5535407414,158424.462070659,11138.278739929,31627.6906733323,33649.8569754726
matrix,ɪ,3385.86470119996,5102.37447273863,1195.99469204961,1149.77028142924,795.101133751423,-6720.69807916918,3170.23957194188,6078.25647778249,11138.278739929,63658.2494550703,16368.5618132583,16496.6700589938
matrix,ɪ,36225.1102803877,7548.42793536724,31877.1822445898,9324.63674202692,36283.4802486219,16841.0602547221,23811.9809851139,6967.4289396746,31627.6906733323,16368.5618132583,145865.297505598,31665.6847627975
matrix,ɪ,5747.50596261001,5057.41457807932,746.718518683837,6629.19365277747,5414.0287901444,3127.45559101628,3214.96391188877,4443.26099716562,33649.8569754726,16496.6700589938,31665.6847627975,69994.4483079281
matrix,ɒ,19871.311665825,9156.87728158142,21374.1353798427,7916.89697713008,11036.253408845,4992.6160450184,6143.37742587115,5373.03452131881,17986.492424789,10564.8493975904,8604.04043719789,-2718.06954765168
matrix,ɒ,9156.87728158142,17709.9919197749,12927.2244426809,18318.3559267008,3178.83489647212,9157.91187504509,6811.01731476805,2270.12394488132,-2500.14649015223,30423.5602409639,3626.628995022,1062.51262535171
matrix,ɒ,21374.1353798427,12927.2244426809,94432.3671452276,24804.3300988385,11489.3321188947,-8.30405454151937,-5288.19093139023,6569.03892215569,61136.9125604213,21699.3614457831,32167.7013563235,-345.795721809393
matrix,ɒ,7916.89697713008,18318.3559267008,24804.3300988385,78253.0489142197,-3444.21520813794,21886.9463963639,6474.86036361013,-8520.33756583219,-1204.56727508838,41933.6626506024,4025.84434744968,11738.3553856143
matrix,ɒ,11036.253408845,3178.83489647212,11489.3321188947,-3444.21520813794,68696.2242983912,41193.933338143,-11191.4301998413,-16453.9739917755,10895.6976769353,3388.28915662651,-1564.54775990188,-5059.15128778587
matrix,ɒ,4992.6160450184,9157.91187504509,-8.30405454151937,21886.9463963639,41193.933338143,72587.624918837,-5704.92561864223,-14338.7995815598,-2213.07676213837,21025.6084337349,3508.43546641656,20145.6538850011
matrix,ɒ,6143.37742587115,6811.01731476805,-5288.19093139023,6474.86036361013,-11191.4301998413,-5704.92561864223,128548.344996753,36201.940083688,-12479.3780030301,19428.3734939759,16743.8208282231,4745.87656013275
matrix,ɒ,5373.03452131881,2270.12394488132,6569.03892215569,-8520.33756583219,-16453.9739917755,-14338.7995815598,36201.940083688,93090.4012697497,20587.4990981892,1542.69879518072,5330.45332227112,-6904.84276026261
matrix,ɒ,17986.492424789,-2500.14649015223,61136.9125604213,-1204.56727508838,10895.6976769353,-2213.07676213837,-12479.3780030301,20587.4990981892,291015.847197172,10133.0963855422,18943.7781545343,-8994.99513022148
matrix,ɒ,10564.8493975904,30423.5602409639,21699.3614457831,41933.6626506024,3388.28915662651,21025.6084337349,19428.3734939759,1542.69879518072,10133.0963855422,153315.277108434,15226.2228915663,26356.8012048193
matrix,ɒ,8604.04043719789,3626.628995022,32167.7013563235,4025.84434744968,-1564.54775990188,3508.43546641656,16743.8208282231,5330.45332227112,18943.7781545343,15226.2228915663,68527.4811341173,20847.3074814227
matrix,ɒ,-2718.06954765168,1062.51262535171,-345.795721809393,11738.3553856143,-5059.15128778587,20145.6538850011,4745.87656013275,-6904.84276026261,-8994.99513022148,26356.8012048193,20847.3074814227,83141.3906644542
matrix,i,6874.54250559284,2385.40089485459,-3799.77718120805,-4169.04742729307,-3641.66286353468,-3746.27494407159,7871.24832214765,2362.29642058166,4731.37919463087,2846.75615212528,-826.226174496644,2186.5158836689
matrix,i,2385.40089485459,5227.891901566,-6324.77261744966,-8728.77199105145,-5119.70138702461,-5669.45762863535,1586.70201342282,2966.81521252796,1602.78791946309,742.996420581655,-580.781744966443,-516.052706935123
matrix,i,-3799.77718120805,-6324.77261744966,44445.6391946309,37696.0719463087,36230.8636241611,24931.282147651,-5916.16912751678,-6450.74899328859,-15160.9785234899,-6570.03758389262,12037.5769127517,11432.1948993289
matrix,i,-4169.04742729307,-8728.77199105145,37696.0719463087,55041.969753915,34004.4655928412,31063.0835794183,-5024.38657718121,-6853.53780760626,-8253.18389261745,-9066.3029082774,8926.76429530201,16821.2334675615
matrix,i,-3641.66286353468,-5119.70138702461,36230.8636241611,34004.4655928412,57984.7825055928,27390.0410290828,-5715.40536912752,-6692.67807606264,-16909.510738255,-3.01700223713647,2001.9544966443,10544.9593736018
matrix,i,-3746.27494407159,-5669.45762863535,24931.282147651,31063.0835794183,27390.0410290828,48628.0313646532,-4165.20939597315,-5905.31834451902,-5658.42483221477,-18422.851901566,11470.0245637584,5279.64098434005
matrix,i,7871.24832214765,1586.70201342282,-5916.16912751678,-5024.38657718121,-5715.40536912752,-4165.20939597315,19962.4295302013,5542.03355704698,5068.12751677852,2108.54362416107,-5401.73691275168,450.387919463087
matrix,i,2362.29642058166,2966.81521252796,-6450.74899328859,-6853.53780760626,-6692.67807606264,-5905.31834451902,5542.03355704698,7021.6029082774,4658.30536912752,1975.2774049217,1191.8932885906,-1127.55883668904
matrix,i,4731.37919463087,1602.78791946309,-15160.9785234899,-8253.18389261745,-16909.510738255,-5658.42483221477,5068.12751677852,4658.30536912752,52524.8154362416,21817.1073825503,-6567.59530201342,1902.61879194631
matrix,i,2846.75615212528,742.996420581655,-6570.03758389262,-9066.3029082774,-3.01700223713647,-18422.851901566,2108.54362416107,1975.2774049217,21817.1073825503,59984.0089485459,2892.71543624161,6549.32035794183
matrix,i,-826.226174496644,-580.781744966443,12037.5769127517,8926.76429530201,2001.9544966443,11470.0245637584,-5401.73691275168,1191.8932885906,-6567.59530201342,2892.71543624161,110616.196912752,22534.6051006711
matrix,i,2186.5158836689,-516.052706935123,11432.1948993289,16821.2334675615,10544.9593736018,5279.64098434005,450.387919463087,-1127.55883668904,1902.61879194631,6549.32035794183,22534.6051006711,56725.9541834452
matrix,ʉː,39167.4652250146,31767.4313267095,10048.5724722385,18472.7799532437,27015.9888953828,33351.1899473992,22930.1309175921,7688.97019286967,25748.8825248393,1507.04850964348,1296.87083576856,11166.8743424898
matrix,ʉː,31767.4313267095,27830.9824663939,7959.16890707189,13220.0821157218,21551.390414962,28569.1031560491,19636.3345996493,6774.1332554062,21269.2036820573,-2015.61747516072,1031.18088836937,7173.83255406195
matrix,ʉː,10048.5724722385,7959.16890707189,92986.3372296902,98166.2784921099,34633.8918760958,29345.9275277615,10180.5151957919,4798.51285797779,13889.6683226184,21322.1592635885,25096.9120397428,9657.40444184687
matrix,ʉː,18472.7799532437,13220.0821157218,98166.2784921099,162890.046171829,43711.4658094682,48833.202805377,16884.7188778492,4355.34833430742,17969.1274108708,21916.8553477499,26108.9807130333,24758.4661016949
matrix,ʉː,27015.9888953828,21551.390414962,34633.8918760958,43711.4658094682,49003.5090590298,42080.4076563413,19419.9576271186,4091.17767387493,16502.898012858,8903.5675043834,8497.41934541204,13804.3457042665
matrix,ʉː,33351.1899473992,28569.1031560491,29345.9275277615,48833.202805377,42080.4076563413,61221.706604325,23357.5070134424,8431.6332554062,26292.3933372297,-2389.68644067797,8236.40502630041,17138.4532437171
matrix,ʉː,22930.1309175921,19636.3345996493,10180.5151957919,16884.7188778492,19419.9576271186,23357.5070134424,24670.9006428989,7658.1122150789,17521.7495616598,-7805.0081823495,2458.77936879018,2454.13939216832
matrix,ʉː,7688.97019286967,6774.1332554062,4798.51285797779,4355.34833430742,4091.17767387493,8431.6332554062,7658.1122150789,12119.4079485681,5643.3796025716,-2782.24167153711,-3500.29544126242,1480.63120981882
matrix,ʉː,25748.8825248393,21269.2036820573,13889.6683226184,17969.1274108708,16502.898012858,26292.3933372297,17521.7495616598,5643.3796025716,32143.3611922852,10767.2250146113,8966.67942723553,8262.0374050263
matrix,ʉː,1507.04850964348,-2015.61747516072,21322.1592635885,21916.8553477499,8903.5675043834,-2389.68644067797,-7805.0081823495,-2782.24167153711,10767.2250146113,100977.774985389,33386.7171244886,14219.8936294565
matrix,ʉː,1296.87083576856,1031.18088836937,25096.9120397428,26108.9807130333,8497.41934541204,8236.40502630041,2458.77936879018,-3500.29544126242,8966.67942723553,33386.7171244886,47644.357685564,6724.35593220339
matrix,ʉː,11166.8743424898,7173.83255406195,9657.40444184687,24758.4661016949,13804.3457042665,17138.4532437171,2454.13939216832,1480.63120981882,8262.0374050263,14219.8936294565,6724.35593220339,28596.0017533606
matrix,ow,18230.1131147541,6096.14316939891,-4327.01584699454,-1541.64043715847,11692.4355191257,8413.04453551913,2943.53934426229,14070.4472677596,11092.4644808743,-73.8967213114754,-2838.93415300546,544.000819672131
matrix,ow,6096.14316939891,17436.1907103825,-1929.4368852459,10518.5030054645,9558.41830601093,14387.362568306,4423.29617486339,2845.12295081967,2385.8150273224,5745.85245901639,-1347.59644808743,4112.8131147541
matrix,ow,-4327.01584699454,-1929.4368852459,43887.0677595628,42169.8683060109,-14191.1415300546,-26672.3628415301,5390.71912568306,1862.78524590164,3150.89153005464,2356.98770491803,-3390.78442622951,-5517.94890710383
matrix,ow,-1541.64043715847,10518.5030054645,42169.8683060109,76703.3857923497,-12946.962295082,-22665.4775956284,15364.9786885246,-448.272131147541,2749.6456284153,-10729.443442623,-6417.85163934426,-1030.94836065574
matrix,ow,11692.4355191257,9558.41830601093,-14191.1415300546,-12946.962295082,54415.2114754098,39863.0213114754,-4129.94344262295,-3249.00601092896,-519.078142076503,3326.68387978142,-5310.54180327869,3985.82513661202
matrix,ow,8413.04453551913,14387.362568306,-26672.3628415301,-22665.4775956284,39863.0213114754,62387.4967213115,-9171.94972677596,-457.768306010929,-1434.12131147541,918.281967213115,-3514.03715846995,9127.08715846995
matrix,ow,2943.53934426229,4423.29617486339,5390.71912568306,15364.9786885246,-4129.94344262295,-9171.94972677596,37442.1513661202,14051.2584699454,5678.74344262295,2242.39316939891,-6285.70245901639,-5957.79754098361
matrix,ow,14070.4472677596,2845.12295081967,1862.78524590164,-448.272131147541,-3249.00601092896,-457.768306010929,14051.2584699454,41422.6825136612,19869.7726775956,4013.87431693989,-7388.83524590164,-8796.81475409836
matrix,ow,11092.4644808743,2385.8150273224,3150.89153005464,2749.6456284153,-519.078142076503,-1434.12131147541,5678.74344262295,19869.7726775956,24929.1781420765,10086.4494535519,-2494.57486338798,-4385.97513661202
matrix,ow,-73.8967213114754,5745.85245901639,2356.98770491803,-10729.443442623,3326.68387978142,918.281967213115,2242.39316939891,4013.87431693989,10086.4494535519,59578.2174863388,-723.837704918033,-1474.12896174863
matrix,ow,-2838.93415300546,-1347.59644808743,-3390.78442622951,-6417.85163934426,-5310.54180327869,-3514.03715846995,-6285.70245901639,-7388.83524590164,-2494.57486338798,-723.837704918033,15414.0677595628,8632.06557377049
matrix,ow,544.000819672131,4112.8131147541,-5517.94890710383,-1030.94836065574,3985.82513661202,9127.08715846995,-5957.79754098361,-8796.81475409836,-4385.97513661202,-1474.12896174863,8632.06557377049,23524.0677595628
matrix,aw,18573.8945355191,-293.524043715847,3019.02923497268,-3555.18825136612,8540.65710382514,6065.64699453552,1270.96584699454,321.825409836066,3976.89836065574,1779.6825136612,-1197.00546448087,1611.65382513661
matrix,aw,-293.524043715847,20404.7142076503,10088.7486338798,10991.3650273224,3354.55792349727,9041.57677595628,4587.61639344262,-3840.57486338798,-2314.40054644809,19219.0663934426,-829.70737704918,-2467.79316939891
matrix,aw,3019.02923497268,10088.7486338798,22196.3677595628,14045.8879781421,7960.89699453552,10189.9019125683,-2649.0631147541,1313.78989071038,921.357103825137,10344.6702185792,-1225.38743169399,2069.94453551913
matrix,aw,-3555.18825136612,10991.3650273224,14045.8879781421,24549.5989071038,-1366.91693989071,10063.7456284153,-115.389071038251,-5094.15546448087,-190.294808743169,20374.0942622951,-3915.80491803279,-2086.23989071038
matrix,aw,8540.65710382514,3354.55792349727,7960.89699453552,-1366.91693989071,22174.7540983607,13406.9155737705,170.919398907104,1549.54863387978,2121.18879781421,5380.0193989071,4379.4237704918,-5532.11830601093
matrix,aw,6065.64699453552,9041.57677595628,10189.9019125683,10063.7456284153,13406.9155737705,32253.1491803279,-1298.68961748634,539.744808743169,2755.20409836066,13511.3770491803,6981.34699453552,-6132.30956284153
matrix,aw,1270.96584699454,4587.61639344262,-2649.0631147541,-115.389071038251,170.919398907104,-1298.68961748634,17079.5907103825,2159.55464480874,-729.801912568306,5723.60737704918,2350.81584699454,6367.39890710382
matrix,aw,321.825409836066,-3840.57486338798,1313.78989071038,-5094.15546448087,1549.54863387978,539.744808743169,2159.55464480874,15966.1726775956,1115.24262295082,-13451.6120218579,14682.9587431694,-1780.88278688525
matrix,aw,3976.89836065574,-2314.40054644809,921.357103825137,-190.294808743169,2121.18879781421,2755.20409836066,-729.801912568306,1115.24262295082,4393.76284153006,-2653.23524590164,7574.64836065574,2315.38114754098
matrix,aw,1779.6825136612,19219.0663934426,10344.6702185792,20374.0942622951,5380.0193989071,13511.3770491803,5723.60737704918,-13451.6120218579,-2653.23524590164,119681.457377049,-8017.6674863388,7012.46557377049
matrix,aw,-1197.00546448087,-829.70737704918,-1225.38743169399,-3915.80491803279,4379.4237704918,6981.34699453552,2350.81584699454,14682.9587431694,7574.64836065574,-8017.6674863388,143472.127868852,8334.68715846995
matrix,aw,1611.65382513661,-2467.79316939891,2069.94453551913,-2086.23989071038,-5532.11830601093,-6132.30956284153,6367.39890710382,-1780.88278688525,2315.38114754098,7012.46557377049,8334.68715846995,128502.293989071
matrix,aj,20012.8374176548,6988.36864295125,3735.74281949934,5629.60540184453,13002.1566534914,7594.95428194993,-3322.0812911726,8458.15797101449,27077.8009222661,528.732806324111,-2129.34769433465,6675.40395256917
matrix,aj,6988.36864295125,19122.8329004329,-49.5930924148315,-11216.7648409561,4806.66557500471,8114.16348578957,2833.07873141351,9576.6430641822,15749.6130623,1555.73252399774,2008.74942593638,-4464.33212874082
matrix,aj,3735.74281949934,-49.5930924148315,29038.7885187276,5467.55253152644,4054.81099190664,-2174.93903632599,-10376.6702051572,1993.55569358178,17409.6632787502,-3487.41953698475,-6291.1560888387,3049.08752117448
matrix,aj,5629.60540184453,-11216.7648409561,5467.55253152644,46999.6781855825,6879.4338415208,4814.92469414643,2098.6042537173,-1679.52774327122,-2625.29043854696,-2934.58215697346,6664.24750611707,7739.93077357425
matrix,aj,13002.1566534914,4806.66557500471,4054.81099190664,6879.4338415208,46182.1317146622,13165.0651985695,-4413.98595896857,3778.0619047619,8001.93690946734,11586.0099943535,-20306.1931300583,10615.2390175042
matrix,aj,7594.95428194993,8114.16348578957,-2174.93903632599,4814.92469414643,13165.0651985695,26389.6220591003,5379.42651985695,9619.91283643892,15188.6942781856,-14762.2829474873,2461.16581968756,-5909.54155844156
matrix,aj,-3322.0812911726,2833.07873141351,-10376.6702051572,2098.6042537173,-4413.98595896857,5379.42651985695,76683.9379258423,21142.8892339545,-12852.0402220967,8828.53534726143,27066.894165255,346.09824957651
matrix,aj,8458.15797101449,9576.6430641822,1993.55569358178,-1679.52774327122,3778.0619047619,9619.91283643892,21142.8892339545,54175.4766045549,17584.019047619,1315.4751552795,2643.1016563147,5283.05093167702
matrix,aj,27077.8009222661,15749.6130623,17409.6632787502,-2625.29043854696,8001.93690946734,15188.6942781856,-12852.0402220967,17584.019047619,171596.36830416,-1521.58780350085,21089.6058535667,20394.29175607
matrix,aj,528.732806324111,1555.73252399774,-3487.41953698475,-2934.58215697346,11586.0099943535,-14762.2829474873,8828.53534726143,1315.4751552795,-1521.58780350085,114397.153811406,53546.5627893845,-765.87159796725
matrix,aj,-2129.34769433465,2008.74942593638,-6291.1560888387,6664.24750611707,-20306.1931300583,2461.16581968756,27066.894165255,2643.1016563147,21089.6058535667,53546.5627893845,197853.519292302,6164.53404856014
matrix,aj,6675.40395256917,-4464.33212874082,3049.08752117448,7739.93077357425,10615.2390175042,-5909.54155844156,346.09824957651,5283.05093167702,20394.29175607,-765.87159796725,6164.53404856014,165885.254997177
matrix,ɐ,19929.2593837535,6362.97507002801,6223.52661064426,-3996.30532212885,11915.5044817927,5346.72268907563,8942.40392156863,8000.90896358543,18350.0151260504,2289.90700280112,14669.5974789916,2741.02605042017
matrix,ɐ,6362.97507002801,10157.9495098039,-32.03081232493,974.378851540616,3668.37808123249,6365.70168067227,4034.52927170868,-376.641106442577,1646.98991596639,3765.34257703081,-2948.59264705882,792.056512605042
matrix,ɐ,6223.52661064426,-32.03081232493,56582.6442577031,18099.7366946779,25138.8515406162,9181.86554621849,-13040.8347338936,2027.60224089636,11371.0168067227,7373.65826330532,9741.94117647059,-3292.00840336134
matrix,ɐ,-3996.30532212885,974.378851540616,18099.7366946779,19874.6316526611,3352.64775910364,6728.31092436975,-4514.1918767507,-7607.59733893557,-3557.76470588235,2247.63305322129,-4335.29201680672,-3088.36344537815
matrix,ɐ,11915.5044817927,3668.37808123249,25138.8515406162,3352.64775910364,51632.8066526611,24039.5336134454,-1324.68081232493,-2049.33858543417,7036.56974789916,5491.12408963585,-11886.4581932773,-219.27962184874
matrix,ɐ,5346.72268907563,6365.70168067227,9181.86554621849,6728.31092436975,24039.5336134454,31242.2857142857,334.579831932773,-2824.82773109244,-1044.19327731092,3798.86554621849,-6480.77731092437,-1031.25630252101
matrix,ɐ,8942.40392156863,4034.52927170868,-13040.8347338936,-4514.1918767507,-1324.68081232493,334.579831932773,55118.2854341737,16427.0287114846,2006.78655462185,2785.46666666667,18620.9071428571,2541.36512605042
matrix,ɐ,8000.90896358543,-376.641106442577,2027.60224089636,-7607.59733893557,-2049.33858543417,-2824.82773109244,16427.0287114846,39678.9898459384,14801.3025210084,4168.32633053221,24490.3245798319,4436.12079831933
matrix,ɐ,18350.0151260504,1646.98991596639,11371.0168067227,-3557.76470588235,7036.56974789916,-1044.19327731092,2006.78655462185,14801.3025210084,58038.8168067227,4441.84369747899,19355.1714285714,2587.92773109244
matrix,ɐ,2289.90700280112,3765.34257703081,7373.65826330532,2247.63305322129,5491.12408963585,3798.86554621849,2785.46666666667,4168.32633053221,4441.84369747899,8308.55014005602,2674.05294117647,1314.94369747899
matrix,ɐ,14669.5974789916,-2948.59264705882,9741.94117647059,-4335.29201680672,-11886.4581932773,-6480.77731092437,18620.9071428571,24490.3245798319,19355.1714285714,2674.05294117647,143396.091806723,16855.3586134454
matrix,ɐ,2741.02605042017,792.056512605042,-3292.00840336134,-3088.36344537815,-219.27962184874,-1031.25630252101,2541.36512605042,4436.12079831933,2587.92773109244,1314.94369747899,16855.3586134454,16109.0834033613
matrix,iː,4581.39519665855,1233.67351200835,-3903.24573616429,-2797.50191437522,-2091.87650539506,-672.811834319527,5068.1124260355,1415.66390532544,3535.20243647755,1173.29021928298,-625.533101287852,-2994.76923076923
matrix,iː,1233.67351200835,2333.38966237383,-2909.82509571876,-4394.51688130874,-3011.82213713888,-3831.91124260355,1108.58875739645,1275.43786982249,-522.481204316046,-477.191089453533,-1913.36634180299,-4809.68639053254
matrix,iː,-3903.24573616429,-2909.82509571876,34897.7969021928,16208.2245040028,25863.0542986425,14012.9349112426,-2377.46449704142,-1053.76923076923,-6134.12408632092,-1328.25374173338,13511.9246432301,10709.1360946746
matrix,iː,-2797.50191437522,-4394.51688130874,16208.2245040028,35008.8068221371,15478.54403063,29131.1656804734,-2889.5325443787,-2899.44970414201,16895.3362339018,-7314.96275670031,12387.8367560042,26525.3017751479
matrix,iː,-2091.87650539506,-3011.82213713888,25863.0542986425,15478.54403063,46165.4554820745,23990.3408284024,2104.71597633136,-1364.83786982249,-26070.6501218239,-1076.11291333101,6060.87079707623,10226.3668639053
matrix,iː,-672.811834319527,-3831.91124260355,14012.9349112426,29131.1656804734,23990.3408284024,51708.7644970414,1124.50295857988,-1337.64023668639,19543.2674556213,-10353.1621301775,11323.1289940828,17950.5917159763
matrix,iː,5068.1124260355,1108.58875739645,-2377.46449704142,-2889.5325443787,2104.71597633136,1124.50295857988,22811.8964497041,5103.91124260355,5149.5650887574,-1431.56213017751,-4465.99112426035,-2405.18343195266
matrix,iː,1415.66390532544,1275.43786982249,-1053.76923076923,-2899.44970414201,-1364.83786982249,-1337.64023668639,5103.91124260355,6705.48639053254,-1110.35621301775,848.842603550296,-3408.18224852071,-6675.03550295858
matrix,iː,3535.20243647755,-522.481204316046,-6134.12408632092,16895.3362339018,-26070.6501218239,19543.2674556213,5149.5650887574,-1110.35621301775,351504.084545771,5318.1003132614,-15089.0497389488,24243.6982248521
matrix,iː,1173.29021928298,-477.191089453533,-1328.25374173338,-7314.96275670031,-1076.11291333101,-10353.1621301775,-1431.56213017751,848.842603550296,5318.1003132614,88382.8059867734,520.163174382179,7522.91124260355
matrix,iː,-625.533101287852,-1913.36634180299,13511.9246432301,12387.8367560042,6060.87079707623,11323.1289940828,-4465.99112426035,-3408.18224852071,-15089.0497389488,520.163174382179,123093.144065437,11556.3431952663
matrix,iː,-2994.76923076923,-4809.68639053254,10709.1360946746,26525.3017751479,10226.3668639053,17950.5917159763,-2405.18343195266,-6675.03550295858,24243.6982248521,7522.91124260355,11556.3431952663,156982.201183432
matrix,ɑː,18082.7631372549,4643.08352941177,8184.53882352941,-3980.64431372549,11499.1729411765,2486.07725490196,-5918.00470588235,-3221.86745098039,21219.8537254902,2781.14509803922,-4550.00117647059,-7982.35019607843
matrix,ɑː,4643.08352941177,22159.8964705882,-1502.01882352941,2122.33764705882,1543.20705882353,15088.4894117647,3904.78470588235,-17721.6258823529,7746.75294117647,14618.7082352941,-135.158823529412,-22370.8164705882
matrix,ɑː,8184.53882352941,-1502.01882352941,33290.0329411765,6599.33411764706,10111.0376470588,-2426.49647058824,2289.83176470588,-3758.02470588235,10858.4223529412,-3923.26941176471,1622.29294117647,13830.8588235294
matrix,ɑː,-3980.64431372549,2122.33764705882,6599.33411764706,15822.3984313725,-5269.95529411765,78.7662745098039,12068.4764705882,-9679.11725490196,-1287.21137254902,11580.1854901961,12263.0341176471,5903.14901960784
matrix,ɑː,11499.1729411765,1543.20705882353,10111.0376470588,-5269.95529411765,35630.6658823529,15332.9611764706,-10776.4494117647,-5349.22823529412,6581.71411764706,-2689.33647058824,-16571.0223529412,2057.05294117647
matrix,ɑː,2486.07725490196,15088.4894117647,-2426.49647058824,78.7662745098039,15332.9611764706,38867.8949019608,5054.21411764706,-21627.8109803922,3117.96549019608,9487.25803921569,2710.64352941176,-32457.6160784314
matrix,ɑː,-5918.00470588235,3904.78470588235,2289.83176470588,12068.4764705882,-10776.4494117647,5054.21411764706,52764.4870588235,830.241176470588,-2996.59058823529,6651.10235294118,39750.4717647059,-17016.8447058824
matrix,ɑː,-3221.86745098039,-17721.6258823529,-3758.02470588235,-9679.11725490196,-5349.22823529412,-21627.8109803922,830.241176470588,81378.6901960784,-12104.3850980392,-13207.9196078431,-13908.5447058824,19029.1592156863
matrix,ɑː,21219.8537254902,7746.75294117647,10858.4223529412,-1287.21137254902,6581.71411764706,3117.96549019608,-2996.59058823529,-12104.3850980392,57383.7325490196,19363.5298039216,2435.16235294118,-12458.3196078431
matrix,ɑː,2781.14509803922,14618.7082352941,-3923.26941176471,11580.1854901961,-2689.33647058824,9487.25803921569,6651.10235294118,-13207.9196078431,19363.5298039216,77686.4807843137,8838.23058823529,-2238.18156862745
matrix,ɑː,-4550.00117647059,-135.158823529412,1622.29294117647,12263.0341176471,-16571.0223529412,2710.64352941176,39750.4717647059,-13908.5447058824,2435.16235294118,8838.23058823529,121467.512941176,-7004.70117647059
matrix,ɑː,-7982.35019607843,-22370.8164705882,13830.8588235294,5903.14901960784,2057.05294117647,-32457.6160784314,-17016.8447058824,19029.1592156863,-12458.3196078431,-2238.18156862745,-7004.70117647059,255892.803137255
matrix,ʊ,5682.4455602537,2013.30391120507,-8325.45454545455,-11111.0449260042,995.34778012685,1720.02536997886,-2369.40380549683,4805.09408033827,79.8044397463002,-2580.82980972516,3255.63636363636,2095.51902748414
matrix,ʊ,2013.30391120507,4186.60200845666,-10299.3509513742,-7210.04915433404,275.80021141649,1564.56236786469,-1689.50528541226,-912.846723044397,-890.100422832981,-2778.97357293869,-4344.30866807611,292.817124735729
matrix,ʊ,-8325.45454545455,-10299.3509513742,188223.598308668,110709.393234672,21848.9238900634,1021.89640591966,-10022.3530655391,7980.79704016913,-9186.63847780127,-4721.25792811839,57252.6786469345,7705.53276955603
matrix,ʊ,-11111.0449260042,-7210.04915433404,110709.393234672,104919.485729387,22583.3118393235,6494.23678646934,-9357.76109936575,-17593.3816067653,-600.309725158562,-595.089852008457,19836.1797040169,-2051.27589852008
matrix,ʊ,995.34778012685,275.80021141649,21848.9238900634,22583.3118393235,34162.5983086681,22503.5243128964,-11455.399577167,-2029.99365750529,9119.05919661734,1949.97463002114,16653.2367864693,16418.3002114165
matrix,ʊ,1720.02536997886,1564.56236786469,1021.89640591966,6494.23678646934,22503.5243128964,36765.9281183932,-13903.4101479915,2524.33615221987,12074.2071881607,834.306553911205,12323.3636363636,848.213530655391
matrix,ʊ,-2369.40380549683,-1689.50528541226,-10022.3530655391,-9357.76109936575,-11455.399577167,-13903.4101479915,29871.9196617336,2668.12050739958,8932.8689217759,11566.6807610994,3054.84778012685,5694.14587737844
matrix,ʊ,4805.09408033827,-912.846723044397,7980.79704016913,-17593.3816067653,-2029.99365750529,2524.33615221987,2668.12050739958,32935.5750528541,2645.73150105708,2220.49048625793,18786.577167019,7472.09513742072
matrix,ʊ,79.8044397463002,-890.100422832981,-9186.63847780127,-600.309725158562,9119.05919661734,12074.2071881607,8932.8689217759,2645.73150105708,37050.0909090909,21685.7949260042,15387.2473572939,15503.9344608879
matrix,ʊ,-2580.82980972516,-2778.97357293869,-4721.25792811839,-595.089852008457,1949.97463002114,834.306553911205,11566.6807610994,2220.49048625793,21685.7949260042,25673.2706131078,14137.156448203,8281.03805496829
matrix,ʊ,3255.63636363636,-4344.30866807611,57252.6786469345,19836.1797040169,16653.2367864693,12323.3636363636,3054.84778012685,18786.577167019,15387.2473572939,14137.156448203,90369.0359408034,23970.156448203
matrix,ʊ,2095.51902748414,292.817124735729,7705.53276955603,-2051.27589852008,16418.3002114165,848.213530655391,5694.14587737844,7472.09513742072,15503.9344608879,8281.03805496829,23970.156448203,41713.4101479915
matrix,ej,12426.0264026403,5298.70627062706,-5346.75247524752,-8758.3201320132,3867.71287128713,3627.55115511551,6992.0495049505,256.627062706271,1546.9900990099,4263.84158415842,-1078.6204620462,8329.84158415842
matrix,ej,5298.70627062706,9456.50980392157,-8446.71170646476,-13839.4870898855,668.895165987187,455.26130848379,646.345369831101,1315.72471364784,-1658.17588817705,-6773.36633663366,-4277.31663754611,-11742.4979615609
matrix,ej,-5346.75247524752,-8446.71170646476,29923.0503785673,28324.4391380315,5573.26790914386,7161.0722189866,777.682294700058,1872.70937682004,1401.78392545137,5489.89108910891,11073.7253931275,34091.0299941759
matrix,ej,-8758.3201320132,-13839.4870898855,28324.4391380315,68472.079984469,492.140943506115,20455.8697340322,-3573.29062317997,9846.33585711512,-518.270238788585,-18859.7524752475,3457.51873422636,55738.0110658125
matrix,ej,3867.71287128713,668.895165987187,5573.26790914386,492.140943506115,23616.8584740827,8004.33197437391,5034.33605125218,-1489.60629004077,-3147.29586488061,2427.88118811881,-3462.4933022714,7165.09260337799
matrix,ej,3627.55115511551,455.26130848379,7161.0722189866,20455.8697340322,8004.33197437391,31930.3199378761,1878.22481071637,7000.68472141332,-283.518928363425,-16814.5148514851,1886.34867016113,7562.7006406523
matrix,ej,6992.0495049505,646.345369831101,777.682294700058,-3573.29062317997,5034.33605125218,1878.22481071637,19679.5058241118,2708.66686080373,5722.5626092021,-200.683168316832,4141.41322073384,8076.91059988352
matrix,ej,256.627062706271,1315.72471364784,1872.70937682004,9846.33585711512,-1489.60629004077,7000.68472141332,2708.66686080373,22839.6245389245,668.953407105416,-7207.67326732673,-367.885070860027,-377.892253931275
matrix,ej,1546.9900990099,-1658.17588817705,1401.78392545137,-518.270238788585,-3147.29586488061,-283.518928363425,5722.5626092021,668.953407105416,10876.3203261503,10626.4455445545,4123.3814793244,3339.16889924287
matrix,ej,4263.84158415842,-6773.36633663366,5489.89108910891,-18859.7524752475,2427.88118811881,-16814.5148514851,-200.683168316832,-7207.67326732673,10626.4455445545,143142.376237624,17134.0198019802,-12353.1287128713
matrix,ej,-1078.6204620462,-4277.31663754611,11073.7253931275,3457.51873422636,-3462.4933022714,1886.34867016113,4141.41322073384,-367.885070860027,4123.3814793244,17134.0198019802,59821.2025820229,8002.79295282469
matrix,ej,8329.84158415842,-11742.4979615609,34091.0299941759,55738.0110658125,7165.09260337799,7562.7006406523,8076.91059988352,-377.892253931275,3339.16889924287,-12353.1287128713,8002.79295282469,541292.264123471
matrix,ɒː,29355.4236817761,-1099.79370952821,37691.9051803885,-2840.27428307123,19182.5180388529,12568.6595744681,31813.9555966698,1415.30804810361,24739.4916743756,13837.5226641998,21713.3566142461,-4167.98889916744
matrix,ɒː,-1099.79370952821,6436.68455134135,-16.2469935245143,14406.9213691027,2387.36586493987,8945.76827012026,-4133.84875115634,-721.170212765957,2381.42645698427,5260.10962072155,896.900092506938,4412.5980573543
matrix,ɒː,37691.9051803885,-16.2469935245143,162755.515263645,17542.1961147086,52416.0698427382,25576.382053654,28681.9902867715,9728.88667900093,68955.9560592044,46410.9444958372,34578.6901017576,3782.92090656799
matrix,ɒː,-2840.27428307123,14406.9213691027,17542.1961147086,115198.13506013,3494.26364477336,34729.8205365402,4656.05504162812,6351.0841813136,13540.3432007401,13867.749306198,-17208.5772432932,4771.3829787234
matrix,ɒː,19182.5180388529,2387.36586493987,52416.0698427382,3494.26364477336,76649.9407955597,44953.8792784459,10036.941720629,-10822.4190564292,50492.8233117484,42290.210453284,25395.249306198,13277.329787234
matrix,ɒː,12568.6595744681,8945.76827012026,25576.382053654,34729.8205365402,44953.8792784459,87632.1110083256,2961.20351526364,-6473.35753931545,33329.4620721554,36139.5138760407,18205.8926919519,2576.144773358
matrix,ɒː,31813.9555966698,-4133.84875115634,28681.9902867715,4656.05504162812,10036.941720629,2961.20351526364,134651.778908418,17355.6887141536,18371.0971322849,11606.9602220167,12244.2742830712,-17415.3251618871
matrix,ɒː,1415.30804810361,-721.170212765957,9728.88667900093,6351.0841813136,-10822.4190564292,-6473.35753931545,17355.6887141536,28611.7668825162,-7907.75809435708,-1503.55827937095,-981.162349676226,-8331.69935245143
matrix,ɒː,24739.4916743756,2381.42645698427,68955.9560592044,13540.3432007401,50492.8233117484,33329.4620721554,18371.0971322849,-7907.75809435708,84878.2220166513,38739.5333024977,23551.8815911193,669.6822386679
matrix,ɒː,13837.5226641998,5260.10962072155,46410.9444958372,13867.749306198,42290.210453284,36139.5138760407,11606.9602220167,-1503.55827937095,38739.5333024977,87773.6049953747,18511.5735430157,9464.2382053654
matrix,ɒː,21713.3566142461,896.900092506938,34578.6901017576,-17208.5772432932,25395.249306198,18205.8926919519,12244.2742830712,-981.162349676226,23551.8815911193,18511.5735430157,75554.4051803885,5130.86077705828
matrix,ɒː,-4167.98889916744,4412.5980573543,3782.92090656799,4771.3829787234,13277.329787234,2576.144773358,-17415.3251618871,-8331.69935245143,669.6822386679,9464.2382053654,5130.86077705828,45685.467160037
matrix,ɜː,4119.49132730015,1060.65233785822,3377.2907239819,2259.04034690799,4375.2149321267,3805.14969834087,2632.88536953243,1355.14441930618,-41.0757918552036,-143.938159879336,-2841.52262443439,-2018.57880844646
matrix,ɜː,1060.65233785822,3969.92006033182,3474.57239819005,2501.02488687783,3177.59125188537,3997.37179487179,1546.90950226244,-93.4894419306184,960.293363499246,-97.2669683257919,782.012066365008,-1658.96907993967
matrix,ɜː,3377.2907239819,3474.57239819005,23866.519984917,15685.2515082956,5167.2963800905,5288.04110105581,763.30467571644,2078.46870286576,1809.03129713424,664.598793363499,-354.255656108597,-7430.45965309201
matrix,ɜː,2259.04034690799,2501.02488687783,15685.2515082956,15105.7266214178,477.489441930618,1.30656108597285,4169.37556561086,-1785.18891402715,1159.51244343891,63.8461538461538,-2435.65987933635,-4496.61802413273
matrix,ɜː,4375.2149321267,3177.59125188537,5167.2963800905,477.489441930618,21559.2292609351,19285.560331825,-2648.5641025641,-1026.3838612368,-1580.28280542986,-2274.68174962293,-1556.80844645551,-7666.15007541478
matrix,ɜː,3805.14969834087,3997.37179487179,5288.04110105581,1.30656108597285,19285.560331825,24550.9211915535,-3799.35897435897,4732.21606334842,-1895.50037707391,-1108.33936651584,-1582.69004524887,-8785.83748114631
matrix,ɜː,2632.88536953243,1546.90950226244,763.30467571644,4169.37556561086,-2648.5641025641,-3799.35897435897,21880.6877828054,6207.1628959276,3206.64102564103,649.766214177979,-2821.47209653092,12591.5610859729
matrix,ɜː,1355.14441930618,-93.4894419306184,2078.46870286576,-1785.18891402715,-1026.3838612368,4732.21606334842,6207.1628959276,26934.6466817496,150.029788838612,3775.55505279035,-588.192307692308,7505.66101055807
matrix,ɜː,-41.0757918552036,960.293363499246,1809.03129713424,1159.51244343891,-1580.28280542986,-1895.50037707391,3206.64102564103,150.029788838612,3474.64668174962,927.268476621418,2224.54524886878,1955.83898944193
matrix,ɜː,-143.938159879336,-97.2669683257919,664.598793363499,63.8461538461538,-2274.68174962293,-1108.33936651584,649.766214177979,3775.55505279035,927.268476621418,2781.82503770739,-223.491704374057,2525.73755656109
matrix,ɜː,-2841.52262443439,782.012066365008,-354.255656108597,-2435.65987933635,-1556.80844645551,-1582.69004524887,-2821.47209653092,-588.192307692308,2224.54524886878,-223.491704374057,16284.7073906486,8036.11538461538
matrix,ɜː,-2018.57880844646,-1658.96907993967,-7430.45965309201,-4496.61802413273,-7666.15007541478,-8785.83748114631,12591.5610859729,7505.66101055807,1955.83898944193,2525.73755656109,8036.11538461538,36182.1700603318
matrix,ɑ,24648.6379310345,6268.25862068965,10923.2733990148,9005.43719211823,9031.78571428571,223.442118226601,-8081.71921182266,11794.0381773399,24885.1256157635,3892.07389162562,1419.04556650246,14761.5098522167
matrix,ɑ,6268.25862068965,27844.4581280788,11616.3608374384,10600.2081280788,4570.28571428571,16152.4495073892,-727.348522167488,-28699.8435960591,950.04802955665,40635.5849753695,749.23275862069,-25467.3743842365
matrix,ɑ,10923.2733990148,11616.3608374384,41185.1477832512,10265.3965517241,10232.3571428571,-1904.19827586207,1599.88054187192,-5081.95812807882,16763.921182266,5644.68472906404,764.524630541872,-17014.2967980296
matrix,ɑ,9005.43719211823,10600.2081280788,10265.3965517241,63855.815270936,4976.60714285714,13420.9137931034,-21324.0985221675,-26583.6293103448,37096.6551724138,68148.3706896552,-577.945812807882,12487.197044335
matrix,ɑ,9031.78571428571,4570.28571428571,10232.3571428571,4976.60714285714,43519.8571428571,32839.3928571429,-1852.92857142857,905.107142857143,13813.6785714286,14212.8214285714,11803.7142857143,-4948.35714285714
matrix,ɑ,223.442118226601,16152.4495073892,-1904.19827586207,13420.9137931034,32839.3928571429,63445.6502463054,-11033.4507389163,-39555.0960591133,990.493842364532,20761.5825123153,2405.54433497537,-26315.3842364532
matrix,ɑ,-8081.71921182266,-727.348522167488,1599.88054187192,-21324.0985221675,-1852.92857142857,-11033.4507389163,66136.6379310345,26964.5738916256,-839.624384236453,7917.82389162562,10192.4384236453,-907.740147783251
matrix,ɑ,11794.0381773399,-28699.8435960591,-5081.95812807882,-26583.6293103448,905.107142857143,-39555.0960591133,26964.5738916256,235873.320197044,-25717.8485221675,2683.14162561576,-21094.2549261084,115986.852216749
matrix,ɑ,24885.1256157635,950.04802955665,16763.921182266,37096.6551724138,13813.6785714286,990.493842364532,-839.624384236453,-25717.8485221675,100627.189655172,12841.7229064039,25997.7844827586,32105.7844827586
matrix,ɑ,3892.07389162562,40635.5849753695,5644.68472906404,68148.3706896552,14212.8214285714,20761.5825123153,7917.82389162562,2683.14162561576,12841.7229064039,184683.534482759,5542.88793103448,15822.1736453202
matrix,ɑ,1419.04556650246,749.23275862069,764.524630541872,-577.945812807882,11803.7142857143,2405.54433497537,10192.4384236453,-21094.2549261084,25997.7844827586,5542.88793103448,43105.0517241379,3075.9802955665
matrix,ɑ,14761.5098522167,-25467.3743842365,-17014.2967980296,12487.197044335,-4948.35714285714,-26315.3842364532,-907.740147783251,115986.852216749,32105.7844827586,15822.1736453202,3075.9802955665,164401.980295566
matrix,a,32437.6,19110.3,33270,22156.9,16166.9,24713.7,6714.9,12056.6,9123.1,9428.1,21163.4,415
matrix,a,19110.3,25384.6,29911,22786,13390.4,30284.4,-11584.8,5340.4,3239.3,10595.3,-779.5,-5083.2
matrix,a,33270,29911,54927.8545454545,44581.4,17156.7363636364,33836.6545454545,-15025.0909090909,9593.60909090909,10163.2636363636,8302.09090909091,5157.8,-10647.7636363636
matrix,a,22156.9,22786,44581.4,39574,11041.9,25305.9,-15384.9,6579.5,6202.9,2874.6,-2838.9,-15538.2
matrix,a,16166.9,13390.4,17156.7363636364,11041.9,19834.0909090909,19532.0363636364,7158.07272727273,12201.3727272727,4499.00909090909,8936.12727272727,-17781.1,5291.69090909091
matrix,a,24713.7,30284.4,33836.6545454545,25305.9,19532.0363636364,44206.8545454545,-3837.39090909091,7221.20909090909,3922.16363636364,13985.8909090909,-7669.2,-8402.76363636364
matrix,a,6714.9,-11584.8,-15025.0909090909,-15384.9,7158.07272727273,-3837.39090909091,45476.0181818182,15264.6181818182,3179.12727272727,642.681818181818,4007.1,-3534.62727272727
matrix,a,12056.6,5340.4,9593.60909090909,6579.5,12201.3727272727,7221.20909090909,15264.6181818182,16757.2181818182,4614.32727272727,4713.58181818182,-9152.9,-2356.02727272727
matrix,a,9123.1,3239.3,10163.2636363636,6202.9,4499.00909090909,3922.16363636364,3179.12727272727,4614.32727272727,5553.89090909091,2998.47272727273,5220.9,967.209090909091
matrix,a,9428.1,10595.3,8302.09090909091,2874.6,8936.12727272727,13985.8909090909,642.681818181818,4713.58181818182,2998.47272727273,9050.81818181818,-2341.8,4877.42727272727
matrix,a,21163.4,-779.5,5157.8,-2838.9,-17781.1,-7669.2,4007.1,-9152.9,5220.9,-2341.8,112662.2,220
matrix,a,415,-5083.2,-10647.7636363636,-15538.2,5291.69090909091,-8402.76363636364,-3534.62727272727,-2356.02727272727,967.209090909091,4877.42727272727,220,33388.0909090909
matrix,ɛː,6835.06666666667,8507.53333333333,2618.2,4519.06666666667,-719,5984.6,3618.4,2933.13333333333,403.733333333333,1217.06666666667,-1040.93333333333,-6149.93333333333
matrix,ɛː,8507.53333333333,13410.8,7534.4,7455.73333333333,2561.8,13070.2,4168.6,4124.8,538.2,1727.8,-3154.86666666667,-7892.93333333333
matrix,ɛː,2618.2,7534.4,30956.7625,18289.4458333333,14601.6583333333,17839.0291666667,-358.1625,1732.8375,4631.0125,2278.25,6726.33333333333,10214.3708333333
matrix,ɛː,4519.06666666667,7455.73333333333,18289.4458333333,25327.7958333333,-146.708333333333,13864.2458333333,1928.6875,3224.22083333333,3987.09583333333,2307.25,9172.6,7783.8875
matrix,ɛː,-719,2561.8,14601.6583333333,-146.708333333333,16126.7833333333,9004.125,-2782.525,-975.591666666667,1704.225,182.566666666667,-2053.6,3316.20833333333
matrix,ɛː,5984.6,13070.2,17839.0291666667,13864.2458333333,9004.125,21744.6291666667,1261.50416666667,4638.77083333333,1877.0125,2179.91666666667,-3400.53333333333,-3207.3625
matrix,ɛː,3618.4,4168.6,-358.1625,1928.6875,-2782.525,1261.50416666667,3105.82916666667,2203.09583333333,-435.079166666667,505.35,-1165,-4930.30416666667
matrix,ɛː,2933.13333333333,4124.8,1732.8375,3224.22083333333,-975.591666666667,4638.77083333333,2203.09583333333,4357.69583333333,-551.0125,424.35,-1737.4,-5060.70416666667
matrix,ɛː,403.733333333333,538.2,4631.0125,3987.09583333333,1704.225,1877.0125,-435.079166666667,-551.0125,2154.39583333333,590.45,7712.86666666667,9762.65416666667
matrix,ɛː,1217.06666666667,1727.8,2278.25,2307.25,182.566666666667,2179.91666666667,505.35,424.35,590.45,725.266666666667,319.866666666667,1576.28333333333
matrix,ɛː,-1040.93333333333,-3154.86666666667,6726.33333333333,9172.6,-2053.6,-3400.53333333333,-1165,-1737.4,7712.86666666667,319.866666666667,57471.2,45697.3333333333
matrix,ɛː,-6149.93333333333,-7892.93333333333,10214.3708333333,7783.8875,3316.20833333333,-3207.3625,-4930.30416666667,-5060.70416666667,9762.65416666667,1576.28333333333,45697.3333333333,69576.7625
matrix,ɚ,1032.05555555556,1587.5,-1802.80718954248,64.3071895424837,-1200.24183006536,-249.735294117647,1015.8431372549,1054.01633986928,-4293.19281045752,-216.627450980392,-513.669934640523,-446.996732026144
matrix,ɚ,1587.5,6344.61764705882,2157.14705882353,4570.64705882353,4360.23529411765,6344.32352941176,7707.88235294118,8310.44117647059,-2678.91176470588,-1072.11764705882,5194.26470588235,2306.38235294118
matrix,ɚ,-1802.80718954248,2157.14705882353,47444.4477124183,47062.4640522876,28100.7385620915,34129.5588235294,-5818.09803921569,5915.09477124183,37544.0816993464,4960.01960784314,4680.52614379085,23764.8660130719
matrix,ɚ,64.3071895424837,4570.64705882353,47062.4640522876,62342.0653594771,36276.1437908497,65570.8235294118,-6885.49019607843,4044.11111111111,38322.0065359477,7644.98039215686,-1199.43790849673,34579.2222222222
matrix,ɚ,-1200.24183006536,4360.23529411765,28100.7385620915,36276.1437908497,119190.575163399,108629.058823529,3572.09803921569,20310.8562091503,-7223.09150326797,-229.960784313725,-1579.45751633987,-13524.1699346405
matrix,ɚ,-249.735294117647,6344.32352941176,34129.5588235294,65570.8235294118,108629.058823529,166380.617647059,2709.76470588235,20988.7352941176,13438.9117647059,4450.17647058824,-11028.4411764706,25295.7941176471
matrix,ɚ,1015.8431372549,7707.88235294118,-5818.09803921569,-6885.49019607843,3572.09803921569,2709.76470588235,20558.7058823529,19327.9019607843,-7792.37254901961,-2239.05882352941,8890.72549019608,-2063.96078431373
matrix,ɚ,1054.01633986928,8310.44117647059,5915.09477124183,4044.11111111111,20310.8562091503,20988.7352941176,19327.9019607843,36786.4477124183,-3117.21241830065,-2285.09803921569,1765.40849673203,-814.66339869281
matrix,ɚ,-4293.19281045752,-2678.91176470588,37544.0816993464,38322.0065359477,-7223.09150326797,13438.9117647059,-7792.37254901961,-3117.21241830065,79207.3888888889,7126.21568627451,3534.47385620915,36537.6045751634
matrix,ɚ,-216.627450980392,-1072.11764705882,4960.01960784314,7644.98039215686,-229.960784313725,4450.17647058824,-2239.05882352941,-2285.09803921569,7126.21568627451,3885.64705882353,-1186.33333333333,6386.6862745098
matrix,ɚ,-513.669934640523,5194.26470588235,4680.52614379085,-1199.43790849673,-1579.45751633987,-11028.4411764706,8890.72549019608,1765.40849673203,3534.47385620915,-1186.33333333333,19369.545751634,-1059.03594771242
matrix,ɚ,-446.996732026144,2306.38235294118,23764.8660130719,34579.2222222222,-13524.1699346405,25295.7941176471,-2063.96078431373,-814.66339869281,36537.6045751634,6386.6862745098,-1059.03594771242,44248.7614379085
matrix,ʉ,3173.72934472934,5290.30769230769,-6636.64102564103,-1282.92022792023,994.371794871795,3784.51566951567,4672.23361823362,1911.77492877493,-524.374643874644,3863.47863247863,2784.16381766382,1848.76780626781
matrix,ʉ,5290.30769230769,17040.5384615385,-12870.5769230769,13505.3846153846,1198.23076923077,22772.3461538462,14703.2692307692,6195.61538461538,-1160.07692307692,10363.2692307692,5727.07692307692,4790.42307692308
matrix,ʉ,-6636.64102564103,-12870.5769230769,55266.9230769231,59516.5897435897,10350.6538461538,-3917.17948717949,-15837.7564102564,-6140.82051282051,1209.0641025641,-13786.0384615385,-6428.12820512821,2612.89743589744
matrix,ʉ,-1282.92022792023,13505.3846153846,59516.5897435897,197013.84045584,19922.7948717949,63311.3917378917,4122.34045584046,-7731.78062678063,12773.0185185185,-29221.4572649573,2480.9415954416,20037.8874643875
matrix,ʉ,994.371794871795,1198.23076923077,10350.6538461538,19922.7948717949,11313,3462.17948717949,-1165.82051282051,-1879.98717948718,-6100.98717948718,-2822.73076923077,-1903.02564102564,1482.71794871795
matrix,ʉ,3784.51566951567,22772.3461538462,-3917.17948717949,63311.3917378917,3462.17948717949,55846.7122507122,23272.8148148148,5712.97578347578,7154.92877492878,4529.04273504274,10451.4672364672,15761.5925925926
matrix,ʉ,4672.23361823362,14703.2692307692,-15837.7564102564,4122.34045584046,-1165.82051282051,23272.8148148148,22325.5327635328,12882.9501424501,5416.28774928775,15401.4273504273,10587.9415954416,5935.61823361823
matrix,ʉ,1911.77492877493,6195.61538461538,-6140.82051282051,-7731.78062678063,-1879.98717948718,5712.97578347578,12882.9501424501,23514.6695156695,-2134.19373219373,19964.8162393162,8514.92165242165,2152.81339031339
matrix,ʉ,-524.374643874644,-1160.07692307692,1209.0641025641,12773.0185185185,-6100.98717948718,7154.92877492878,5416.28774928775,-2134.19373219373,58906.3532763533,-1235.42735042735,-1143.10826210826,16870.933048433
matrix,ʉ,3863.47863247863,10363.2692307692,-13786.0384615385,-29221.4572649573,-2822.73076923077,4529.04273504274,15401.4273504273,19964.8162393162,-1235.42735042735,66585.717948718,13801.8418803419,8350.01709401709
matrix,ʉ,2784.16381766382,5727.07692307692,-6428.12820512821,2480.9415954416,-1903.02564102564,10451.4672364672,10587.9415954416,8514.92165242165,-1143.10826210826,13801.8418803419,14298.660968661,6205.16381766382
matrix,ʉ,1848.76780626781,4790.42307692308,2612.89743589744,20037.8874643875,1482.71794871795,15761.5925925926,5935.61823361823,2152.81339031339,16870.933048433,8350.01709401709,6205.16381766382,16447.4216524217
matrix,ɔj,6161.42857142857,273.214285714286,10184.8571428571,777.142857142857,14866.6428571429,9025.21428571429,-7743.14285714286,-4558.71428571429,356.214285714286,99.8571428571429,7124.28571428571,10833.6428571429
matrix,ɔj,273.214285714286,8957.26785714286,74.3214285714286,-6928.75,6874.125,8580.01785714286,14989.5357142857,1404.53571428571,-16827.625,-3208.82142857143,8496.28571428571,2031.875
matrix,ɔj,10184.8571428571,74.3214285714286,203442.214285714,32841.7857142857,114835.892857143,13278.9642857143,-10697.2142857143,-48509.0714285714,-8819.32142857143,-16788.3571428571,66129.4285714286,94683.1071428571
matrix,ɔj,777.142857142857,-6928.75,32841.7857142857,26794.2142857143,20433.25,-1649.10714285714,-8174.78571428571,-21853.3571428571,27804.75,1245.78571428571,14710.1428571429,21231.6071428571
matrix,ɔj,14866.6428571429,6874.125,114835.892857143,20433.25,111048.982142857,35908.4464285714,10985.3928571429,-34237.3214285714,4099.375,-5714.25,71614.4285714286,77835.875
matrix,ɔj,9025.21428571429,8580.01785714286,13278.9642857143,-1649.10714285714,35908.4464285714,25049.8392857143,3306.17857142857,-7358.53571428571,-7032.80357142857,374.535714285714,25854,22521.125
matrix,ɔj,-7743.14285714286,14989.5357142857,-10697.2142857143,-8174.78571428571,10985.3928571429,3306.17857142857,70588.2142857143,4659.21428571429,-17751.6785714286,-9378.78571428571,18257.5714285714,-5361.39285714286
matrix,ɔj,-4558.71428571429,1404.53571428571,-48509.0714285714,-21853.3571428571,-34237.3214285714,-7358.53571428571,4659.21428571429,33425.0714285714,-19872.6785714286,2113.92857142857,-26137,-31988.25
matrix,ɔj,356.214285714286,-16827.625,-8819.32142857143,27804.75,4099.375,-7032.80357142857,-17751.6785714286,-19872.6785714286,59148.5535714286,10896.6785714286,3706.28571428571,7789.33928571429
matrix,ɔj,99.8571428571429,-3208.82142857143,-16788.3571428571,1245.78571428571,-5714.25,374.535714285714,-9378.78571428571,2113.92857142857,10896.6785714286,5350.21428571429,-3360.71428571429,-3903.89285714286
matrix,ɔj,7124.28571428571,8496.28571428571,66129.4285714286,14710.1428571429,71614.4285714286,25854,18257.5714285714,-26137,3706.28571428571,-3360.71428571429,52476.8571428571,49634.1428571429
matrix,ɔj,10833.6428571429,2031.875,94683.1071428571,21231.6071428571,77835.875,22521.125,-5361.39285714286,-31988.25,7789.33928571429,-3903.89285714286,49634.1428571429,59837.8392857143
